{
  "project_info": {
    "project_number": "1031872178810",
    "firebase_url": "https://grokutma.firebaseio.com",
    "project_id": "grokutma",
    "storage_bucket": "grokutma.appspot.com"
  },
  "client": [
    {
      "client_info": {
        "mobilesdk_app_id": "1:1031872178810:android:94db9a60609650cd8ea9c3",
        "android_client_info": {
          "package_name": "com.example.qrcodereader"
        }
      },
      "oauth_client": [
        {
          "client_id": "1031872178810-07l1c3cfd02o5o4i2k6o0qmdef4it34p.apps.googleusercontent.com",
          "client_type": 3
        }
      ],
      "api_key": [
        {
          "current_key": "AIzaSyCjWccDxECU5ydWsFJZIenl_jQpNloXoMQ"
        }
      ],
      "services": {
        "appinvite_service": {
          "other_platform_oauth_client": [
            {
              "client_id": "1031872178810-07l1c3cfd02o5o4i2k6o0qmdef4it34p.apps.googleusercontent.com",
              "client_type": 3
            }
          ]
        }
      }
    }
  ],
  "configuration_version": "1"
}